{
   "device_class" : "generic_tracker",
   "device_serial_number" : "LHR-3A738165",
   "input_profile" : "{joystick_controller}/input/joystick_controller_profile.json",
   "revision" : 1,
   "firmware_config" : {
      "mapped_input" : true,
      "haptic_driver" : "mapped_input",
      "remap_channel_13" : 6,
      "remap_channel_14" : 7,
      "remap_channel_15" : 8,
      "remap_channel_16" : 9,
      "remap_channel_17" : 10,
      "remap_channel_23" : 11,
      "remap_channel_24" : 12,
      "remap_channel_25" : 13,
      "remap_channel_26" : 14,
      "remap_channel_27" : 15,
      "remap_channel_28" : 16,
      "remap_channel_29" : 17,
      "remap_channel_4" : 2,
      "remap_channel_5" : 3,
      "remap_channel_6" : 4,
      "remap_channel_7" : 5,
      "sensor_enable" : "0xFFFFFFFF",
      "sensor_env_on_pin_a" : "0xFFFFFF00"
   },
   "head" : {
      "plus_x" : [ 1, 0, 0 ],
      "plus_z" : [ 0, 0, 1 ],
      "position" : [ 0, 0, 0 ]
   },
   "imu" : {
      "plus_x" : [ 0.040157785345831698, -0.031960816476036769, -0.99868207493931216 ],
      "plus_z" : [ 0.78140480358183417, -0.62191029879265614, 0.051323885123897739 ],
      "position" : [ -0.0024401757400482893, -0.010472819209098816, 0.014289959333837032 ]
   },
   "lighthouse_config" : {
      "channelMap" : [ 9, 10, 11, 12, 13, 14, 15, 16, 17, 0, 1, 2, 3, 4, 5, 6, 7, 8 ],
      "modelNormals" : [
         [ -0.701289654, 0.0858565271, 0.707687378 ],
         [ 0.0331553407, 0.998586297, 0.0415471457 ],
         [ -0.0271429475, 0.99875164, 0.041934073 ],
         [ -0.499308169, 0.500690877, 0.707106769 ],
         [ -0.99875164, 0.0271429475, 0.041934073 ],
         [ -0.998586297, -0.0331553407, 0.0415471457 ],
         [ -0.396552056, 0.915698946, 0.0651297346 ],
         [ -0.809017003, 1.79629523e-16, 0.587785244 ],
         [ 0.00223558443, -0.808403313, 0.588624775 ],
         [ 0.676755309, -0.202930525, 0.707687378 ],
         [ -0.0331553407, -0.998586297, 0.0415471457 ],
         [ 0.0271429475, -0.99875164, 0.041934073 ],
         [ 0.502069771, -0.497921646, 0.707106769 ],
         [ 0.99875164, -0.0271429475, 0.041934073 ],
         [ 0.998586297, 0.0331553407, 0.0415471457 ],
         [ 0.396552056, -0.915698946, 0.0651297346 ],
         [ 0.809017003, 1.49383842e-16, 0.587785244 ],
         [ 0.00222941348, 0.806171894, 0.591677189 ]
      ],
      "modelPoints" : [
         [ 0.00363789801, 0.0195644274, 0.0106099257 ],
         [ 0.0126035279, 0.0236550178, 0.00339539 ],
         [ -0.0104093663, 0.0243531447, 0.00224815845 ],
         [ -0.0190720037, 0.0186602734, 0.00560441473 ],
         [ -0.0241000541, 0.0102010034, 0.00245349086 ],
         [ -0.023964284, -0.0127238072, 0.00439672545 ],
         [ -0.0152888764, -0.00720448699, 0.0219900832 ],
         [ -0.0205898732, -0.012596298, 0.0212394763 ],
         [ -0.0142276743, -0.0206965357, 0.020805778 ],
         [ -0.0033348396, -0.0196861699, 0.0108962869 ],
         [ -0.0127698518, -0.0238633063, 0.0026274987 ],
         [ 0.0104856165, -0.0244385656, 0.00223830203 ],
         [ 0.0190753583, -0.0186028909, 0.005664506 ],
         [ 0.0240120552, -0.0103044631, 0.00247267867 ],
         [ 0.0237355325, 0.0128491418, 0.00437145354 ],
         [ 0.0155351814, 0.00754057476, 0.0217348933 ],
         [ 0.0206467994, 0.0125510069, 0.0212530773 ],
         [ 0.0132909808, 0.0204203967, 0.0212534647 ]
      ]
   },
   "manufacturer" : "Tundra Labs",
   "model_number" : "Tundra Tracker",
   "render_model" : "{tundra_labs}tundra_tracker",
   "resource_root" : "tundra_labs"
}
